ID Produto;Nome;Referência;Qtd Inicial;Qtd Atual;Variação Qtd;Valor Inicial;Valor Atual;Variação Valor;Total Movimentações;Data Cálculo
10;AGITADOR DO REVELADOR;AD038032;1.000;1.000;0.000;21.94;21.94;0.00;0;01/03/2025
69;APOIO DA GRADE-5450;C2292771;9.000;9.000;0.000;224.55;224.55;0.00;0;01/03/2025
109;BANDEJA DE ALIM.MANUAL;A1342698;1.000;1.000;0.000;40.87;40.87;0.00;0;01/03/2025
115;BANDEJA ENTRADA T270 3222/27-410385;28061;1.000;1.000;0.000;10.00;10.00;0.00;0;01/03/2025
129;BATENTE BORRACHA ALIM.DE PAPEL 5305/15/25/75;C2005287;2.000;2.000;0.000;4.08;4.08;0.00;0;01/03/2025
173;BLOCO CORONA FRONTAL P/2613/2713;AD022233;1.000;1.000;0.000;8.87;8.87;0.00;0;01/03/2025
178;BLOCO CORONA TRASEIRO P/2613/2713;AD022234;1.000;1.000;0.000;4.84;4.84;0.00;0;01/03/2025
181;BLOCO TRASEIRO CORONA CARGA 2613/2713;AD022197;2.000;2.000;0.000;14.34;14.34;0.00;0;01/03/2025
221;BRACO DE DESLOCAMENTO;C2002308;2.000;2.000;0.000;99.38;99.38;0.00;0;01/03/2025
222;BRACO DE DESLOCAMENTO 5327(C2002302);C2242302;10.000;10.000;0.000;307.60;307.60;0.00;0;01/03/2025
223;BRACO DE ENGATE-2713;A1521119;1.000;1.000;0.000;33.81;33.81;0.00;0;01/03/2025
225;BRACO DIREITO P/5305/15/25/75;C2035066;1.000;1.000;0.000;12.89;12.89;0.00;0;01/03/2025
226;BRACO ESQUERDO P/5305/15/25/75;C2035062;1.000;1.000;0.000;11.87;11.87;0.00;0;01/03/2025
245;BUCHA;A1903568;3.000;3.000;0.000;17.10;17.10;0.00;0;01/03/2025
264;BUCHA 6MM P/2713/3018;52053103;21.000;21.000;0.000;219.95;219.95;0.00;0;01/03/2025
268;BUCHA 8MM(50530223);AA082021;1.000;1.000;0.000;2.37;2.37;0.00;0;01/03/2025
269;BUCHA DO ROLO FUSOR 2713/2613(AE031009);AE031017;13.000;13.000;0.000;107.12;107.12;0.00;0;01/03/2025
273;BUCHA DE PRESSAO 2818Z/3220;G0204175;4.000;4.000;0.000;18.83;18.83;0.00;0;01/03/2025
280;BUCHA DO ROLO;A1903569;2.000;2.000;0.000;8.64;8.64;0.00;0;01/03/2025
298;BUCHA P/ROLO DE PRESSAO P/3018;AE031002;10.000;10.000;0.000;35.64;35.64;0.00;0;01/03/2025
336;CALÇO LATERAL;C2005285;2.000;2.000;0.000;82.66;82.66;0.00;0;01/03/2025
338;CALCO PROTECAO LATERAL(C2175014);C2175019;2.000;2.000;0.000;20.00;20.00;0.00;0;01/03/2025
344;CAME DA LAMINA DE LIMPEZA 3235;AB011380;1.000;1.000;0.000;2.47;2.47;0.00;0;01/03/2025
346;CAME DE ALIMENTAÇAO DO PAPEL;C2135110;1.000;1.000;0.000;60.68;60.68;0.00;0;01/03/2025
375;CHAPA DE AJUSTE 5327;C2004723;3.000;3.000;0.000;14.34;14.34;0.00;0;01/03/2025
388;CHAPA FRONTAL 5303;C2174592;1.000;1.000;0.000;9.85;9.85;0.00;0;01/03/2025
390;CHAPA FRONTAL (C2074765V);C2154550;1.000;1.000;0.000;7.06;7.06;0.00;0;01/03/2025
394;CHAPA FRONTAL GUIA P/5305/15/25;55076055;5.000;5.000;0.000;200.89;200.89;0.00;0;01/03/2025
405;CHAPA GUIA(A1533898);A1533901;1.000;1.000;0.000;22.00;22.00;0.00;0;01/03/2025
416;CHAPA TRASEIRA 5304(C2154551V);C2184594;5.000;5.000;0.000;39.08;39.08;0.00;0;01/03/2025
449;CLAMPER DO CILINDRO 5306/5308(C2312415);C2312416;1.000;1.000;0.000;140.11;140.11;0.00;0;01/03/2025
457;COBERTURA;AD036021;2.000;2.000;0.000;23.74;23.74;0.00;0;01/03/2025
458;COBERTURA 5303;C2174250;1.000;1.000;0.000;51.21;51.21;0.00;0;01/03/2025
462;COBERTURA DA UNIDADE DE SAIDA P/2613Z;A1524450;1.000;1.000;0.000;67.32;67.32;0.00;0;01/03/2025
491;CONJ.MOTOR ESPELHO POLIGONO - 1502/3215;G0291961;1.000;1.000;0.000;202.96;202.96;0.00;0;01/03/2025
524;CONJUNTO DO ROLO DE PRESSAO;C2035509;2.000;2.000;0.000;528.80;528.80;0.00;0;01/03/2025
582;CORREIA 53M609;AA043368;2.000;2.000;0.000;20.58;20.58;0.00;0;01/03/2025
592;CORREIA DE TRANSFERENCIA 3235;A2323880;2.000;2.000;0.000;710.35;710.35;0.00;0;01/03/2025
598;CORREIA DE TRANSPORTE 5305/15/25/75;C2006097;1.000;1.000;0.000;41.94;41.94;0.00;0;01/03/2025
599;CORREIA DE TRANSPORTE C1 5327;C2076011;4.000;4.000;0.000;212.18;212.18;0.00;0;01/03/2025
600;CORREIA DE TRANSPORTE P/5375;C2096016;1.000;1.000;0.000;119.73;119.73;0.00;0;01/03/2025
617;CORREIA INF. MASTER-5305(C2193546V);C2193606N;16.000;16.000;0.000;138.21;138.21;0.00;0;01/03/2025
621;CORREIA INVERSORA P/2613Z/2713;AA043384;2.000;2.000;0.000;23.70;23.70;0.00;0;01/03/2025
622;CORREIA MOR UNID.REVELAÇAO;G0201187;3.000;3.000;0.000;17.01;17.01;0.00;0;01/03/2025
625;CORREIA SUP. MASTER-5305(C2193545V)*;C2193605N;16.000;16.000;0.000;159.26;159.26;0.00;0;01/03/2025
635;CSC80 GRAMPO PARA 2760 ST28;753;4.000;4.000;0.000;11.24;11.24;0.00;0;01/03/2025
648;DETECTOR DE ENTINTAMENTO P/5305/85/5327;C2034543;1.000;1.000;0.000;3.04;3.04;0.00;0;01/03/2025
663;DOBRADICA DA TAMPA;A1531370;1.000;1.000;0.000;138.26;138.26;0.00;0;01/03/2025
669;DOBRADICA DA TAMPA ORIGINAIS P/2713Z/2913;A2031346;4.000;4.000;0.000;34.74;34.74;0.00;0;01/03/2025
672;DOBRADICA TAMPA(A0776358);A0546358;2.000;2.000;0.000;83.92;83.92;0.00;0;01/03/2025
708;EIXO 5305;C2036064;1.000;1.000;0.000;4.99;4.99;0.00;0;01/03/2025
743;EMBREAGEM;AX200107;2.000;2.000;0.000;99.64;99.64;0.00;0;01/03/2025
745;EMBREAGEM ALIMENT.PAPEL 2613/2713;AX210029;1.000;1.000;0.000;71.78;71.78;0.00;0;01/03/2025
753;EMBREAGEM DE INTRODUCAO DE PAPEL;A0485262;3.000;3.000;0.000;30.00;30.00;0.00;0;01/03/2025
755;EMBREAGEM DE REGISTRO P/2818Z;G0201115;2.000;2.000;0.000;67.42;67.42;0.00;0;01/03/2025
762;EMBREAGEM MAGNET. ROLO REVERSAO;C2198239;2.000;2.000;0.000;211.40;211.40;0.00;0;01/03/2025
763;EMBREAGEM MAGNET.ALIM.PAPEL 5308;C2375879;2.000;2.000;0.000;245.32;245.32;0.00;0;01/03/2025
766;EMBREAGEM MAGNETICA;AG070009;2.000;2.000;0.000;9.79;9.79;0.00;0;01/03/2025
768;EMBREAGEM MAGNETICA P/5303;C2175079;1.000;1.000;0.000;123.13;123.13;0.00;0;01/03/2025
775;ENGRENAGEM 13Z DA UNID CILINDRO-1502.;AB011403;22.000;22.000;0.000;194.48;194.48;0.00;0;01/03/2025
781;ENGRENAGEM 2727;AB013909;2.000;2.000;0.000;16.70;16.70;0.00;0;01/03/2025
799;ENGRENAGEM 16Z;AB011356;1.000;1.000;0.000;2.74;2.74;0.00;0;01/03/2025
801;ENGRENAGEM 5385;C2235096;1.000;1.000;0.000;19.68;19.68;0.00;0;01/03/2025
805;ENGRENAGEM;C2003606;1.000;1.000;0.000;3.84;3.84;0.00;0;01/03/2025
809;ENGRENAGEM;AB011153;2.000;2.000;0.000;2.80;2.80;0.00;0;01/03/2025
822;ENGRENAGEM 5327;C2242326;1.000;1.000;0.000;68.17;68.17;0.00;0;01/03/2025
830;ENGRENAGEM;AB011379;3.000;3.000;0.000;4.41;4.41;0.00;0;01/03/2025
831;ENGRENAGEM;AB017377;1.000;1.000;0.000;2.76;2.76;0.00;0;01/03/2025
837;ENGRENAGEM 27Z;AB011346;2.000;2.000;0.000;2.30;2.30;0.00;0;01/03/2025
840;ENGRENAGEM;AB011378;2.000;2.000;0.000;2.26;2.26;0.00;0;01/03/2025
844;ENGRENAGEM 120 DENTES 2622S;AB010092;2.000;2.000;0.000;7.12;7.12;0.00;0;01/03/2025
848;ENGRENAGEM DE 2a.ALIM.P/5327;C2095200;6.000;6.000;0.000;610.23;610.23;0.00;0;01/03/2025
852;ENGRENAGEM 15D;AB013644;1.000;1.000;0.000;3.58;3.58;0.00;0;01/03/2025
857;ENGRENAGEM 16TH 5305/15/25;C2002332;2.000;2.000;0.000;13.62;13.62;0.00;0;01/03/2025
864;ENGRENAGEM 17/33/12Z;AB017222;2.000;2.000;0.000;5.41;5.41;0.00;0;01/03/2025
870;ENGRENAGEM 18TH 5305/5327(C2095229);C2035220;1.000;1.000;0.000;36.13;36.13;0.00;0;01/03/2025
883;ENGRENAGEM 20TH 5305/15/25;C2002331;1.000;1.000;0.000;6.80;6.80;0.00;0;01/03/2025
891;ENGRENAGEM 21/40 DENTES P/2613/2713;AB017327;3.000;3.000;0.000;29.38;29.38;0.00;0;01/03/2025
898;ENGRENAGEM 22TH 5327/5329(C2012226);C2192226;3.000;3.000;0.000;125.79;125.79;0.00;0;01/03/2025
899;ENGRENAGEM 22Z;AB013343;1.000;1.000;0.000;4.93;4.93;0.00;0;01/03/2025
901;ENGRENAGEM 23Z;AB013439;1.000;1.000;0.000;2.67;2.67;0.00;0;01/03/2025
904;ENGRENAGEM 24/33 DENTES 2713/2613;AB017358;4.000;4.000;0.000;12.30;12.30;0.00;0;01/03/2025
907;ENGRENAGEM 24TH 5327;C2074670;1.000;1.000;0.000;27.41;27.41;0.00;0;01/03/2025
911;ENGRENAGEM 24TH;AB013418;1.000;1.000;0.000;3.42;3.42;0.00;0;01/03/2025
912;ENGRENAGEM 24Z P/2622S;A1731133;1.000;1.000;0.000;4.44;4.44;0.00;0;01/03/2025
913;ENGRENAGEM 25 DENTES;AB017224;1.000;1.000;0.000;3.70;3.70;0.00;0;01/03/2025
922;ENGRENAGEM 27/33D;AB013906;2.000;2.000;0.000;8.96;8.96;0.00;0;01/03/2025
924;ENGRENAGEM 27Z;AB013642;2.000;2.000;0.000;9.39;9.39;0.00;0;01/03/2025
943;ENGRENAGEM 35Z;AB017229;5.000;5.000;0.000;27.35;27.35;0.00;0;01/03/2025
947;ENGRENAGEM 36TH;C2074672;1.000;1.000;0.000;4.34;4.34;0.00;0;01/03/2025
948;ENGRENAGEM 35TH FT4418/2622S;AB013428;10.000;10.000;0.000;41.00;41.00;0.00;0;01/03/2025
951;ENGRENAGEM 40T;AB013201;8.000;8.000;0.000;212.80;212.80;0.00;0;01/03/2025
955;ENGRENAGEM 40Z P/2635;AB013882;8.000;8.000;0.000;58.48;58.48;0.00;0;01/03/2025
963;ENGRENAGEM 42Z/21Z;AB017354;2.000;2.000;0.000;4.18;4.18;0.00;0;01/03/2025
980;ENGRENAGEM 90T;C2032326;2.000;2.000;0.000;214.70;214.70;0.00;0;01/03/2025
1002;ENGRENAGEM DO CILINDRO 5327(C2032330);C2132330;1.000;1.000;0.000;181.46;181.46;0.00;0;01/03/2025
1026;ENGRENAGEM SETORIAL 9D;C2004944;3.000;3.000;0.000;7.20;7.20;0.00;0;01/03/2025
1037;ESCOVA;C2038453;1.000;1.000;0.000;24.42;24.42;0.00;0;01/03/2025
1049;ROLAMENTO 6806Z;AE030003;2.000;2.000;0.000;29.24;29.24;0.00;0;01/03/2025
1061;ESPONJA;72118231;10.000;10.000;0.000;5.70;5.70;0.00;0;01/03/2025
1063;ESPONJA DUPLA FACE;3334;15.000;15.000;0.000;5.10;5.10;0.00;0;01/03/2025
1064;ESTABILIZADOR SOL 1500 220/110V TRIPOLAR-MICROSOL;1000/1500;16.000;16.000;0.000;3413.13;3413.13;0.00;0;01/03/2025
1065;ESTABILIZADOR SOL 2000 220V/110V;2000;3.000;3.000;0.000;570.62;570.62;0.00;0;01/03/2025
1089;FIACAO DA GUILHOTINA - 5327;C2008417;1.000;1.000;0.000;93.24;93.24;0.00;0;01/03/2025
1103;FIAÇAO SENSOR FUSOR;A1535330;1.000;1.000;0.000;12.50;12.50;0.00;0;01/03/2025
1115;FILTRO DE OZONIO;A1901157;2.000;2.000;0.000;56.50;56.50;0.00;0;01/03/2025
1118;FILTRO DE OZONIO;AA010082;3.000;3.000;0.000;117.72;117.72;0.00;0;01/03/2025
1133;FIO CORONA DE SEPARACAO P/2513;A0779521;37.000;37.000;0.000;439.68;439.68;0.00;0;01/03/2025
1134;FIO CORONA DE TRANSFERENCIA P/2513;A0779522;4.000;4.000;0.000;22.63;22.63;0.00;0;01/03/2025
1148;FIO DE CORONA DE CARGA;A0779520;6.000;6.000;0.000;81.14;81.14;0.00;0;01/03/2025
1163;FITA GOMADA 3M;220;10.000;10.000;0.000;97.40;97.40;0.00;0;01/03/2025
1171;FIXADOR DE MASTER;C2194948;1.000;1.000;0.000;130.20;130.20;0.00;0;01/03/2025
1189;FLANGE TRASEIRO CILINDRO 5327;C2194560;1.000;1.000;0.000;151.74;151.74;0.00;0;01/03/2025
1194;FOLHA DA TAMPA DE PRESSAO P/2513/2613;A0779523;1.000;1.000;0.000;19.34;19.34;0.00;0;01/03/2025
1208;FOTO INTERRUPTOR 5308(AW020073);AW020075;1.000;1.000;0.000;9.01;9.01;0.00;0;01/03/2025
1210;FOTO INTERRUPTOR FT 4418/5304;AW020021;4.000;4.000;0.000;53.27;53.27;0.00;0;01/03/2025
1211;FOTO SENSOR;A4225270;2.000;2.000;0.000;92.00;92.00;0.00;0;01/03/2025
1216;FOTOINTERRUPTOR;AW020056;1.000;1.000;0.000;5.15;5.15;0.00;0;01/03/2025
1228;FUSIVEL TERMICO;A1285435;1.000;1.000;0.000;55.33;55.33;0.00;0;01/03/2025
1231;FUSIVEL TERMICO DA FUSAO;AW100023;2.000;2.000;0.000;40.96;40.96;0.00;0;01/03/2025
1238;GARRA DE SEPARACAO P/2713/2613;AE044015;17.000;17.000;0.000;107.00;107.00;0.00;0;01/03/2025
1250;GARRAS DO ROLO FUSOR 3222/27/2212;AE044025;6.000;6.000;0.000;24.29;24.29;0.00;0;01/03/2025
1258;GRID DA CORONA DE CARGA P/2513Z;A0772072;2.000;2.000;0.000;35.57;35.57;0.00;0;01/03/2025
1290;GUIA DE ACIONAMENTO P/5305;C2004516;4.000;4.000;0.000;31.68;31.68;0.00;0;01/03/2025
1293;GUIA DE INTRODUCAO;A1342741;1.000;1.000;0.000;35.70;35.70;0.00;0;01/03/2025
1298;GUIA DE SAIDA FUSAO;A0774120;1.000;1.000;0.000;52.07;52.07;0.00;0;01/03/2025
1299;GUIA DE SAIDA P/5325(C2136050);C2246050;4.000;4.000;0.000;84.64;84.64;0.00;0;01/03/2025
1300;GUIA DE SAIDA P/5375;C2096233;1.000;1.000;0.000;27.89;27.89;0.00;0;01/03/2025
1307;GUIA DO BYPASS;G0202735;5.000;5.000;0.000;10.30;10.30;0.00;0;01/03/2025
1322;GUIA DO CURSOR DO SOLENOIDE P/5327/29/75;C2004551;3.000;3.000;0.000;48.89;48.89;0.00;0;01/03/2025
1327;GUIA TRANSPORTE VERTICAL P/4022;A1572572;1.000;1.000;0.000;65.58;65.58;0.00;0;01/03/2025
1385;INTERRUPTOR OTICO;AW020047;2.000;2.000;0.000;42.94;42.94;0.00;0;01/03/2025
1404;JIGA DE AJUSTE DO CILINDRO;A0691883;3.000;3.000;0.000;10.71;10.71;0.00;0;01/03/2025
1432;LAMINA DE LIMPEZA 1502 MARCA RICOH.;B0392289;54.000;54.000;0.000;2133.49;2133.49;0.00;0;01/03/2025
1449;LAMINA DE LIMPEZA P/3235/35E/3502/4502;A2322353;3.000;3.000;0.000;329.52;329.52;0.00;0;01/03/2025
1469;LAMINA FRONTAL CILINDRO P/5305;C2074745;5.000;5.000;0.000;26.30;26.30;0.00;0;01/03/2025
1472;LAMINA LIMP.COR.TRANSF.2635/2727/32/40;A1533892;4.000;4.000;0.000;135.15;135.15;0.00;0;01/03/2025
1482;LAMINA TRASEIRA DO CILINDRO 5303;C2174599;5.000;5.000;0.000;101.50;101.50;0.00;0;01/03/2025
1487;LAMPADA DE DESCARGA;A2035611;1.000;1.000;0.000;43.73;43.73;0.00;0;01/03/2025
1492;LAMPADA DE EXPOSICAO 97V/280W P/2635/2727;AX520027;1.000;1.000;0.000;74.99;74.99;0.00;0;01/03/2025
1518;LAMPADA FLUORESCENTE;C2038101;1.000;1.000;0.000;98.08;98.08;0.00;0;01/03/2025
1519;LAMPADA FUSORA;AX440084;1.000;1.000;0.000;211.59;211.59;0.00;0;01/03/2025
1523;LAMPADA FUSORA 230W 2818/2913;A2454120;1.000;1.000;0.000;105.81;105.81;0.00;0;01/03/2025
1524;LAMPADA FUSORA 2818Z;A2194117;3.000;3.000;0.000;356.55;356.55;0.00;0;01/03/2025
1558;LIMPADOR DO ROLO DE CARGA 1502;G0602326;2.000;2.000;0.000;63.34;63.34;0.00;0;01/03/2025
1578;COPIADORA 2713Z MR GESTETNER;2713Z;1.000;1.000;0.000;1060.00;1060.00;0.00;0;01/03/2025
1627;COP.2613Z USADA N/S.2695920175;2695920175;2.000;2.000;0.000;1550.00;1550.00;0.00;0;01/03/2025
1630;COPIADORA DIGITAL  MOD.1312 MR GESTETNER.;1312;66.000;66.000;0.000;169855.16;169855.16;0.00;0;01/03/2025
1650;MASTER JP-7(S) 6123 CPMT20-JP730 MR RICOH;41701;1.000;1.000;0.000;85.51;85.51;0.00;0;01/03/2025
1653;MASTER 5308 CPMT17.;41081;13.000;13.000;0.000;1598.06;1598.06;0.00;0;01/03/2025
1656;MASTER 5430 CPMT19;41301;14.000;14.000;0.000;2269.64;2269.64;0.00;0;01/03/2025
1657;MASTER 5450 CPMT13.GESTETNER;41501;5.000;5.000;0.000;561.19;561.19;0.00;0;01/03/2025
1716;MOLA DE SEPARACAO 5303/5304;C2175095;5.000;5.000;0.000;51.39;51.39;0.00;0;01/03/2025
1717;MOLA CORONA DE TRANSFERENCIA 2613/2713;AA060569;11.000;11.000;0.000;99.84;99.84;0.00;0;01/03/2025
1721;MOLA DA CHAPA DE PRESSAO;C2173555;1.000;1.000;0.000;4.54;4.54;0.00;0;01/03/2025
1772;MOLA P/5305;C2005106;8.000;8.000;0.000;43.60;43.60;0.00;2;01/03/2025
1832;PALHETA MOVIMENTAÇAO TONER P/3235;AD044000;2.000;2.000;0.000;21.26;21.26;0.00;0;01/03/2025
1935;PINO PLACA PRESSÃO;C2293494;1.000;1.000;0.000;3.90;3.90;0.00;0;01/03/2025
1964;PLACA AC DRIVE 5329L;C2268058;1.000;1.000;0.000;720.00;720.00;0.00;0;01/03/2025
2036;POLIA;A0771733;2.000;2.000;0.000;26.30;26.30;0.00;0;01/03/2025
2101;PRESILHA;52152621;1.000;1.000;0.000;2.24;2.24;0.00;0;01/03/2025
2108;PROTEÇAO DO PAINEL;A2031460;1.000;1.000;0.000;241.76;241.76;0.00;0;01/03/2025
2115;QUALIFICADOR P/5305;C2008450;1.000;1.000;0.000;102.62;102.62;0.00;0;01/03/2025
2176;REVELADOR T19 DD6 1312/1502/1802(345GX1)MR RICOH;22151;58.000;58.000;0.000;6372.15;6372.15;0.00;0;01/03/2025
2186;REVELADOR T3/CD110 2818Z/2913Z(370GX1);12181;6.000;6.000;0.000;530.56;530.56;0.00;0;01/03/2025
2188;REVELADOR  3502.GESTETNER;22352;1.000;1.000;0.000;99.90;99.90;0.00;0;01/03/2025
2222;ROLAMENTO P/2732Z;AE030022;2.000;2.000;0.000;43.68;43.68;0.00;0;01/03/2025
2236;ROLETE DE INTRODUCAO P/5305/5315/5375;55064169;1.000;1.000;0.000;36.56;36.56;0.00;0;01/03/2025
2243;ROLO 2727;A1533065;2.000;2.000;0.000;266.00;266.00;0.00;0;01/03/2025
2246;ROLO AGITADOR DA UNID.REVELADORA 2727;A1533063;1.000;1.000;0.000;116.63;116.63;0.00;0;01/03/2025
2262;ROLO DE ALIMENT. PAPEL(BYPASS);AF031023;1.000;1.000;0.000;0.00;0.00;0.00;0;01/03/2025
2265;ROLO DE ALIMENTACAO;AF030035;1.000;1.000;0.000;10.12;10.12;0.00;0;01/03/2025
2270;ROLO DE ALIMENTACAO;AF031035;1.000;1.000;0.000;19.38;19.38;0.00;0;01/03/2025
2275;ROLO DE ALIMENTAÇAO;C2312831;5.000;5.000;0.000;440.04;440.04;0.00;0;01/03/2025
2278;ROLO DE ALIMENTACAO DO PAPEL;AF031022;1.000;1.000;0.000;10.00;10.00;0.00;0;01/03/2025
2286;ROLO DE ALIMENTAÇAO(AF031030);AF031025;2.000;2.000;0.000;37.40;37.40;0.00;0;01/03/2025
2287;ROLO DE APOIO 2713Z/2613Z;AD038060;1.000;1.000;0.000;57.13;57.13;0.00;0;01/03/2025
2290;ROLO DE CARGA 1502 MARCA RICOH.;AD027018;150.000;150.000;0.000;11731.88;11731.88;0.00;0;01/03/2025
2296;ROLO DE ENTRADA;AF030024;4.000;4.000;0.000;25.41;25.41;0.00;0;01/03/2025
2308;ROLO DE INTRODUCAO (54472723);AF030019;1.000;1.000;0.000;10.00;10.00;0.00;0;01/03/2025
2332;ROLO DE PRESSAO 2913Z;A1904082;1.000;1.000;0.000;89.03;89.03;0.00;0;01/03/2025
2340;ROLO DE PRESSAO P/2513/2613;AE020024;1.000;1.000;0.000;285.46;285.46;0.00;0;01/03/2025
2341;ROLO DE PRESSAO P/2627/2727/2635/2740;AE020050;2.000;2.000;0.000;514.20;514.20;0.00;0;01/03/2025
2346;ROLO DE PRESSAO P/5329L;C2245554;1.000;1.000;0.000;100.66;100.66;0.00;0;01/03/2025
2371;ROLO DE SEPARACAO;AF030020;1.000;1.000;0.000;10.00;10.00;0.00;0;01/03/2025
2376;ROLO DE SEPARAÇAO;AF032025;4.000;4.000;0.000;24.44;24.44;0.00;0;01/03/2025
2379;ROLO DE TINTA DO CILINDRO 5303;C2014666;1.000;1.000;0.000;209.17;209.17;0.00;0;01/03/2025
2381;ROLO DE TONER RECICLADO;A1903563;2.000;2.000;0.000;15.56;15.56;0.00;0;01/03/2025
2382;ROLO DE TRANSF 1502/DSM615/618RICOH.;B0393820;17.000;17.000;0.000;992.23;992.23;0.00;0;01/03/2025
2391;ROLO DOSADOR 5303/5304;C2174524;2.000;2.000;0.000;76.12;76.12;0.00;0;01/03/2025
2406;ROLO FUSOR 1502 MARCA RICOH.;AE011065;34.000;34.000;0.000;2939.07;2939.07;0.00;0;01/03/2025
2420;ROLO FUSOR P/3018;AE011035;2.000;2.000;0.000;320.54;320.54;0.00;0;01/03/2025
2428;ROLO IMPRESSOR P/5306;C2313050;1.000;1.000;0.000;231.76;231.76;0.00;0;01/03/2025
2432;ROLO INFERIOR DE SAIDA P/5303/5304;C2173541;1.000;1.000;0.000;87.98;87.98;0.00;0;01/03/2025
2437;ROLO LIMPEZA CILINDRO P/2635(A1532120);A2042120;1.000;1.000;0.000;26.02;26.02;0.00;0;01/03/2025
2446;ROLO MAGNETICO(AD031025);AD031266;1.000;1.000;0.000;228.21;228.21;0.00;0;01/03/2025
2461;ROLO INFERIOR DE SEPARACAO  P/5305/15/25/27/29;55076018;7.000;7.000;0.000;424.32;424.32;0.00;0;01/03/2025
2465;ROLO DE EXPULSAO INFEROR 5327;C2243545;1.000;1.000;0.000;93.24;93.24;0.00;0;01/03/2025
2466;ROLO DE EXPULSAO SUPERIOR 5327;C2243541;1.000;1.000;0.000;106.37;106.37;0.00;0;01/03/2025
2468;ROLO SUPERIOR DE SAIDA 5303/5304;C2173532;1.000;1.000;0.000;107.84;107.84;0.00;0;01/03/2025
2478;SAPATA DO CARRO OTICO;A0771668;13.000;13.000;0.000;91.39;91.39;0.00;0;01/03/2025
2482;SELO;A1903166;3.000;3.000;0.000;2.94;2.94;0.00;0;01/03/2025
2500;SELO DA UNIDADE DE LIMPEZA;A1533555;1.000;1.000;0.000;29.50;29.50;0.00;0;01/03/2025
2518;SELO DA TELA DE METAL5306/5308(C2312374 V);C2312582;10.000;10.000;0.000;181.00;181.00;0.00;0;01/03/2025
2520;SELO DA UNIDADE DE LIMPEZA 2613;A0779530;6.000;6.000;0.000;131.06;131.06;0.00;0;01/03/2025
2525;SELO DE ENTRADA 2727;A1533075;1.000;1.000;0.000;29.65;29.65;0.00;0;01/03/2025
2541;SELO P/3235;A2322419;1.000;1.000;0.000;1.09;1.09;0.00;0;01/03/2025
2550;SENSOR;A0105700;3.000;3.000;0.000;106.26;106.26;0.00;0;01/03/2025
2553;SENSOR  DO MASTER;C2138137;5.000;5.000;0.000;179.05;179.05;0.00;0;01/03/2025
2564;SENSOR DE TINTA;C2332493;1.000;1.000;0.000;8.43;8.43;0.00;0;01/03/2025
2574;SENSOR DENSIDADE IMAGEM 2635;AW230008;1.000;1.000;0.000;56.36;56.36;0.00;0;01/03/2025
2583;SENSOR OTICO P/5305 (14030539);AW020041;3.000;3.000;0.000;15.96;15.96;0.00;0;01/03/2025
2634;SUPORTE DO PAPEL;AF017012;1.000;1.000;0.000;7.74;7.74;0.00;0;01/03/2025
2639;SUPORTE DO SENSOR DE TINTA;C2004733;1.000;1.000;0.000;4.87;4.87;0.00;0;01/03/2025
2665;TAMPA BLOC0 CORONA TRASEIRO;A0773892;3.000;3.000;0.000;4.98;4.98;0.00;0;01/03/2025
2669;TAMPA DA ALIMENTACAO DO PAPEL;A1342746;1.000;1.000;0.000;25.76;25.76;0.00;0;01/03/2025
2681;TAMPA DA GARRAFA P/2913Z;A1843420;10.000;10.000;0.000;21.53;21.53;0.00;0;01/03/2025
2687;TAMPA ORIGINAIS 1312/1502/1802/DSM615/618/622;28013;72.000;72.000;0.000;13266.34;13266.34;0.00;0;01/03/2025
2693;TAMPA DE RESERVATORIO;A1343180;1.000;1.000;0.000;7.92;7.92;0.00;0;01/03/2025
2713;TAMPA FRONTAL 2635;A1531277;1.000;1.000;0.000;160.09;160.09;0.00;0;01/03/2025
2749;TELA DE ACO P/5385;C2184801;1.000;1.000;0.000;903.87;903.87;0.00;0;01/03/2025
2754;TELA DE MYLAR 5303;C2174537;5.000;5.000;0.000;34.99;34.99;0.00;0;01/03/2025
2755;TELA DE MYLAR 5303/5304;C2174532;3.000;3.000;0.000;51.28;51.28;0.00;0;01/03/2025
2823;TERMISTOR P/2613Z 2713;AW100028;4.000;4.000;0.000;123.75;123.75;0.00;0;01/03/2025
2830;TERMOFUSE-169 P/2635;A1535266;1.000;1.000;0.000;9.61;9.61;0.00;0;01/03/2025
2835;TERMOFUSIVEL 128C 2713(A0771674);A1521674;3.000;3.000;0.000;51.79;51.79;0.00;0;01/03/2025
2842;THERMISTOR 1502 MARCA RICOH.;AW100073;81.000;81.000;0.000;1298.05;1298.05;0.00;0;01/03/2025
2847;TINTA AZUL COPYPRINTER 5450.GESTETNER;1782;1.000;1.000;0.000;59.40;59.40;0.00;0;01/03/2025
2857;TINTA PRETA CPI10-6123L JP7 CP(1X500CC)GESTETNER;817219;156.000;156.000;0.000;5158.55;5158.55;0.00;0;01/03/2025
2867;CARTUCHO DE TONER TIPO 1140D 1502/1802/1312;21151;301.000;301.000;0.000;18186.51;18186.51;0.00;0;01/03/2025
2882;TONER 3222/27.GESTETNER;21221;2.000;2.000;0.000;197.50;197.50;0.00;0;01/03/2025
2935;UNHA DE SEPARACAO 2818/2913;A1844072;6.000;6.000;0.000;35.31;35.31;0.00;0;01/03/2025
2939;UNHA DE SEPARACAO DO CILINDRO-1502;B0392335;1.000;1.000;0.000;39.49;39.49;0.00;0;01/03/2025
2943;UNHA FUSAO 2740/3265/3370/3285;A0969500;18.000;18.000;0.000;127.08;127.08;0.00;0;01/03/2025
2949;UNHAS DA FUSAO 1502;AE044040;178.000;178.000;0.000;864.28;864.28;0.00;0;01/03/2025
2989;UNIDADE LAMPADA DE APAGAMENTO;A1515276;1.000;1.000;0.000;150.95;150.95;0.00;0;01/03/2025
2994;VASSOURA DE NYLON ESTRELA;1136;1.000;1.000;0.000;4.69;4.69;0.00;0;01/03/2025
3024;MASTER 5303/04 CPMT8 VT-ISS MR RICOH;893950;137.000;137.000;0.000;15157.09;15157.09;0.00;0;01/03/2025
3035;ROLO DE ENTINTAMENTO 5303;C2174519;2.000;2.000;0.000;145.21;145.21;0.00;0;01/03/2025
3038;TONER 2622S;11221;41.000;41.000;0.000;2449.20;2449.20;0.00;0;01/03/2025
3054;REVELADOR CD55 TP1 2627/2727/32/40/60;12271;3.000;3.000;0.000;299.32;299.32;0.00;0;01/03/2025
3056;CILINDRO OPC 1502/1312/DSM615/618 MARCA RICOH;B0399510;97.000;97.000;0.000;18521.39;18521.39;0.00;0;01/03/2025
3061;REVELADOR CD70/310 2613/13Z/2713/13Z(1KGX1);12131;16.000;16.000;0.000;1360.55;1360.55;0.00;0;01/03/2025
3063;TONER 3235/3245/P7045(700GX1);21351;3.000;3.000;0.000;410.17;410.17;0.00;0;01/03/2025
3068;REVELADOR T28 DSM615/618(345GX10 MARCA RICOH).;B1219645;191.000;191.000;0.000;31640.85;31640.85;0.00;0;01/03/2025
3073;HOLF COMPLEMENTO;HOLF;22.000;22.000;0.000;9281.53;9281.53;0.00;0;01/03/2025
3083;CARTUCHO DE TONER 1130 DSM615/616/620 MARCA RICOH;888215;127.000;127.000;0.000;8448.94;8448.94;0.00;0;01/03/2025
3084;ENGRENAGEM 5305/15/25/75;C2005207;5.000;5.000;0.000;66.55;66.55;0.00;0;01/03/2025
3086;CHAPA AMORTECEDORA 5303;C2174597;1.000;1.000;0.000;6.63;6.63;0.00;0;01/03/2025
3090;ENGRENAGEM 15TH(AB013438);AB013746;3.000;3.000;0.000;11.85;11.85;0.00;0;01/03/2025
3092;MASTER CPMT15 5306 GESTETNER;41061;35.000;35.000;0.000;3501.16;3501.16;0.00;0;01/03/2025
3093;TINTA PRETA CPI6 5306 (600CCX) RICOH;42061;100.000;100.000;0.000;2184.43;2184.43;0.00;0;01/03/2025
3098;CORREIA;AA043396;1.000;1.000;0.000;13.94;13.94;0.00;0;01/03/2025
3104;ROLO FUSOR SUPERIOR RC FT 3113/2613/2713z KATUN;70011994;2.000;2.000;0.000;156.90;156.90;0.00;0;01/03/2025
3105;LAMINA DE LIMPEZA TAMBOR RC FT 3013/2613/2713 KT;70012935;1.000;1.000;0.000;28.68;28.68;0.00;0;01/03/2025
3113;UNHA SEPARADORA SUP.2727/2635;70015257;6.000;6.000;0.000;55.08;55.08;0.00;0;01/03/2025
3137;TINTA PRETA 5306 KT TYPE PJ-6(93102176);931027982;76.000;76.000;0.000;1283.24;1283.24;0.00;0;01/03/2025
3138;TINTA PRETA5380CPI2KATUN(VT/SS5304/27/29-931021956;970027979;41.000;41.000;0.000;548.17;548.17;0.00;0;01/03/2025
3139;MASTER TERMICO 5327/29 TYPE 9 KT;931018089;24.000;24.000;0.000;2493.14;2493.14;0.00;0;01/03/2025
3141;TONER PRETO RC AFICIO 1015/1502/1312 KT;70028661;505.000;505.000;0.000;19369.53;19369.53;0.00;0;01/03/2025
3142;LAMINA DE LIMPEZA AFICIO 1015/1502/1312 KT;70021585;190.000;190.000;0.000;4896.81;4896.81;0.00;0;01/03/2025
3145;TONER PRETO RC4015 2913/2818/3813 KATUN;70016069;34.000;34.000;0.000;1240.86;1240.86;0.00;0;01/03/2025
3148;ROLO FUSOR SUP.1015.1502/1312 KT(70023852);70028710;27.000;27.000;0.000;1894.34;1894.34;0.00;0;01/03/2025
3151;CILINDRO OPC AFICIO 1312/1502/1015/ KATUN;70021670;131.000;131.000;0.000;13957.89;13957.89;0.00;0;01/03/2025
3156;LAMINA DE LIMPEZA DO TAMBOR 4015/2818 KT;70016502;1.000;1.000;0.000;29.73;29.73;0.00;0;01/03/2025
3158;CILINDRO ORG.FT 3013/3213/2713/2613 KT;70010167;3.000;3.000;0.000;542.41;542.41;0.00;0;01/03/2025
3176;SUPORTE TRASEIRO 5303;C2174550;1.000;1.000;0.000;5.64;5.64;0.00;0;01/03/2025
3182;MASTER JP12 SV2 RICOH;41091;19.000;19.000;0.000;3167.27;3167.27;0.00;0;01/03/2025
3184;TONER CYAN C7417 GESTETNER;61010;1.000;1.000;0.000;214.50;214.50;0.00;0;01/03/2025
3187;ROLO ALIMENTAÇÃO PAPAEL 1502 RICOH.;B0392740;26.000;26.000;0.000;353.85;353.85;0.00;0;01/03/2025
3197;TELA DE SEDA A3-5430;C2382381;1.000;1.000;0.000;309.91;309.91;0.00;0;01/03/2025
3198;CORREIA 80S3M5;AA043420;1.000;1.000;0.000;11.06;11.06;0.00;0;01/03/2025
3200;MASTER TERMICO JPM-10 B4 5306b KT;931021979;20.000;20.000;0.000;2304.58;2304.58;0.00;0;01/03/2025
3203;DUPL.COPYPRINTER IMPRESS.DIGITAL 5309L;40091;1.000;1.000;0.000;4632.39;4632.39;0.00;0;01/03/2025
3209;ADAPTADOR T85 P/UC5-5455;54103;1.000;1.000;0.000;540.40;540.40;0.00;0;01/03/2025
3214;ENGRENAGEM 35Z/28Z;AB017356;1.000;1.000;0.000;10.00;10.00;0.00;0;01/03/2025
3218;ROLO DE PRESSAO 1502 MARCA RICOH.;AE020100;26.000;26.000;0.000;2770.19;2770.19;0.00;0;01/03/2025
3221;CAME DA LAMINA DE LIMPEZA-1502;B0392288;6.000;6.000;0.000;16.19;16.19;0.00;0;01/03/2025
3222;CONJ.INFERIOR UNID.DE REVELACAO-1502.;B0393170;79.000;79.000;0.000;15167.32;15167.32;0.00;0;01/03/2025
3225;CHAPA FRONTAL 5303;C2174593;1.000;1.000;0.000;9.68;9.68;0.00;0;01/03/2025
3228;SENSOR DE SAIDA 5535/2727;AW020074;1.000;1.000;0.000;12.97;12.97;0.00;0;01/03/2025
3233;BUCHA;AE031028;1.000;1.000;0.000;3.70;3.70;0.00;0;01/03/2025
3240;SELO FRONTAL DO CILINDRO;AA152226;2.000;2.000;0.000;9.22;9.22;0.00;0;01/03/2025
3241;SELO TRASEIRO DO CILINDRO;AA152227;2.000;2.000;0.000;9.14;9.14;0.00;0;01/03/2025
3243;LAMINA DE LIMPEZA DSM615;AD042059;4.000;4.000;0.000;217.58;217.58;0.00;0;01/03/2025
3252;BANDEIJA DO BY PASS;A1902701;2.000;2.000;0.000;64.18;64.18;0.00;0;01/03/2025
3256;ENGRENAGEM 14Z DA UNID.DO CILINDRO-1502.;AB011402;4.000;4.000;0.000;23.67;23.67;0.00;0;01/03/2025
3260;ENGRENAGEM DO ROLO MAGNETICO-1502.;B0393060;60.000;60.000;0.000;653.43;653.43;0.00;0;01/03/2025
3261;ENGRENAGEM LIVRE-1502.;B0393062;112.000;112.000;0.000;1126.16;1126.16;0.00;0;01/03/2025
3262;ROLO DE CARGA DO TAMBOR FT5840 KT;70016230;1.000;1.000;0.000;11.84;11.84;0.00;0;01/03/2025
3264;EMBREAGEM;AX200109;1.000;1.000;0.000;60.00;60.00;0.00;0;01/03/2025
3267;CALCO DE FRICÇAO-1302/416;B0442710;14.000;14.000;0.000;92.79;92.79;0.00;0;01/03/2025
3270;ROLO DE PRESSAO RCAFICIO 1015 KT;70022556;1.000;1.000;0.000;55.58;55.58;0.00;0;01/03/2025
3287;ENGRENAGEM DA PLACA -5450;C2322022;1.000;1.000;0.000;2.66;2.66;0.00;0;01/03/2025
3288;ESTABILIZADOR SOL 1000UP AUT/115V NET PT NN;1000UP;67.000;67.000;0.000;25420.40;25420.40;0.00;0;01/03/2025
3308;SENSOR DE DETECÇÃO DE MASTER 5455;C2395829;2.000;2.000;0.000;85.26;85.26;0.00;0;01/03/2025
3310;MOLA DA UNHA DE SEPARAÇÃO 1502/1312.;AA066637;215.000;215.000;0.000;1247.43;1247.43;0.00;0;01/03/2025
3321;CARTUCHO DE TONER TYPE 1170D DSM415 MR RICOH.;841718;195.000;195.000;0.000;16814.42;16814.42;0.00;0;01/03/2025
3322;TONER DSM 515 PFD (UNIDADE DE TONER);21161;2.000;2.000;0.000;422.85;422.85;0.00;0;01/03/2025
3327;ROLO DE REVERSÃO SUPERIOR 5327/5329L;C2244063;1.000;1.000;0.000;50.89;50.89;0.00;0;01/03/2025
3331;COP.DSM516 S/N.K2558800175 USADA-SHOW ROOM;K2558800175;1.000;1.000;0.000;1317.83;1317.83;0.00;0;01/03/2025
3333;SUPORTE DO ROLO DE FUSÃO;B0394101;1.000;1.000;0.000;61.85;61.85;0.00;0;01/03/2025
3336;BUCHA DO ROLO DE PRESSÃO 1302.;AE031035;10.000;10.000;0.000;116.52;116.52;0.00;0;01/03/2025
3343;ROLETE DE ALIMENTACAO DO PAPEL 5430.;C2382835;1.000;1.000;0.000;48.49;48.49;0.00;0;01/03/2025
3348;REVELADOR T7/DD2 3265(1KGXG);22651;1.000;1.000;0.000;243.34;243.34;0.00;0;01/03/2025
3357;LAMINA DE LIMPEZA CORREIA TRANSFERENCIA AFICIO 450;70018035;1.000;1.000;0.000;35.44;35.44;0.00;0;01/03/2025
3360;ROLO FUSOR P/ 2713Z;AE011033;4.000;4.000;0.000;415.92;415.92;0.00;0;01/03/2025
3362;COP.2713Z USADA S/AM87880020;AM87880020;3.000;3.000;0.000;2400.00;2400.00;0.00;0;01/03/2025
3382;TONER 3265/650;21651;3.000;3.000;0.000;682.26;682.26;0.00;0;01/03/2025
3389;ROLO FUSOR P/AF450  KT;70025793;1.000;1.000;0.000;71.15;71.15;0.00;0;01/03/2025
3391;CORREIA DE TRANSFERENCIA-3265/3285/3370/6002;A2933899;2.000;2.000;0.000;463.09;463.09;0.00;0;01/03/2025
3396;TERMOSTATO 1502;B0394120;2.000;2.000;0.000;43.24;43.24;0.00;0;01/03/2025
3397;TERMOFUSIVEL 1502;B0395504;3.000;3.000;0.000;20.04;20.04;0.00;0;01/03/2025
3407;LAMPDA FUSORA 3113;70023714;1.000;1.000;0.000;51.30;51.30;0.00;0;01/03/2025
3410;TONER PRETO AFICIO 2015/615 KT;70025030;25.000;25.000;0.000;1161.79;1161.79;0.00;0;01/03/2025
3419;LAMINA DE LIMPEZA DA CORREIA TRANSFERENCIA 3265;AD041049;1.000;1.000;0.000;56.93;56.93;0.00;0;01/03/2025
3420;ROLO FUSOR 3265/3270;AE011044;1.000;1.000;0.000;129.76;129.76;0.00;0;01/03/2025
3421;GRAMPEADOR 3222;AJ011012;1.000;1.000;0.000;598.94;598.94;0.00;0;01/03/2025
3430;COPIADORA MULTIFUNCIONAL SCX4216 SANSUNG;SCX4216;1.000;1.000;0.000;955.45;955.45;0.00;0;01/03/2025
3443;ROLAMENTO 30 X 42 X 7;G0524618;5.000;5.000;0.000;205.74;205.74;0.00;0;01/03/2025
3464;TELA DE TETRON 6123 RICOH.;C2522341;2.000;2.000;0.000;573.07;573.07;0.00;0;01/03/2025
3474;ENGRENAGEM AUXILIAR 5450;C2291130;1.000;1.000;0.000;13.57;13.57;0.00;0;01/03/2025
3479;CORREIA AUXILIAR DOS ROLETES-5535;AA043391;1.000;1.000;0.000;19.11;19.11;0.00;0;01/03/2025
3481;ROLETE ALIMENTADOR -5535;A5481461;1.000;1.000;0.000;30.99;30.99;0.00;0;01/03/2025
3485;TONALIZADOR P/3013/3213/3713 ASSPEN;T3013;67.000;67.000;0.000;2405.70;2405.70;0.00;0;01/03/2025
3494;ROLO DE TRANSPORTE DA CORREIA  3565;A2293865;1.000;1.000;0.000;152.99;152.99;0.00;0;01/03/2025
3498;TONALIZADOR REFIL P/TR1015/1312;TR1015;8.000;8.000;0.000;156.96;156.96;0.00;0;01/03/2025
3503;ROLO ALIMENTAÇÃO P/DUPLIC.6123L.RICOH.;C2522802;18.000;18.000;0.000;2108.98;2108.98;0.00;4;01/03/2025
3504;CALÇO DE SEPARACAO 6123L. MR RICOH.;C2522820;19.000;19.000;0.000;2192.19;2192.19;0.00;0;01/03/2025
3517;BUCHA;AA080234;3.000;3.000;0.000;9.27;9.27;0.00;0;01/03/2025
3522;EIXO SEM-FIM DE RECICLAGEM DE TONER - 1502;B0392272;4.000;4.000;0.000;50.60;50.60;0.00;0;01/03/2025
3525;ROLO MAGNETICO-1502;B0393051;8.000;8.000;0.000;1430.99;1430.99;0.00;0;01/03/2025
3528;ADAPTADOR T15 P/UC5&UC5E-6123LCP-T10 5309;54104;1.000;1.000;0.000;133.74;133.74;0.00;0;01/03/2025
3549;BRACO DE COMPACTACAO DO MASTER 5450/5455;C2443493;3.000;3.000;0.000;82.41;82.41;0.00;0;01/03/2025
3564;TINTA PRETA 5430 CPI3 MR RICOH;817113;218.000;218.000;0.000;7000.24;7000.24;0.00;0;01/03/2025
3586;ROLO DE PRESSAO 2713 KT;70011075;1.000;1.000;0.000;156.37;156.37;0.00;0;01/03/2025
3588;CORREIA;AA043430;2.000;2.000;0.000;20.00;20.00;0.00;0;01/03/2025
3592;TONER PRETO SCX 4216 F ACCESS BY KT;128028444;24.000;24.000;0.000;295.49;295.49;0.00;0;01/03/2025
3602;COPIADORA MOD.1312U USADA;J7556501054;4.000;4.000;0.000;4977.78;4977.78;0.00;0;01/03/2025
3603;COP. 2818Z USADA N/S.A7939860013;A7939860013;1.000;1.000;0.000;733.33;733.33;0.00;0;01/03/2025
3616;COPIADORA DIGITAL DSM415PF(IMP/FAX/SCANNER)GESTETN;20155;1.000;1.000;0.000;4230.00;4230.00;0.00;0;01/03/2025
3621;BUCHA - 1502;AA080342;2.000;2.000;0.000;83.56;83.56;0.00;0;01/03/2025
3623;ESTABILIZADOR SOL 1500 220/110V TRIPOLAR U;1000/1500U;3.000;3.000;0.000;765.19;765.19;0.00;0;01/03/2025
3624;ESTABILIZADOR SOL 2000 220/110V U;2000U;2.000;2.000;0.000;339.93;339.93;0.00;0;01/03/2025
3625;COP.MULTIF.USADA N/SB1CL200914W SCX4216 SANSUNG;B1CL200914W;1.000;1.000;0.000;533.33;533.33;0.00;0;01/03/2025
3633;COP.DSM515 MR GEST.N/S.K2649501380 USADA;K2649501380;2.000;2.000;0.000;1200.00;1200.00;0.00;0;01/03/2025
3636;EMGREAGEM;AX200153;2.000;2.000;0.000;91.21;91.21;0.00;0;01/03/2025
3637;COP.DIG.MOD.1312U N/S.J7566300853;J7566300853;2.000;2.000;0.000;3250.00;3250.00;0.00;0;01/03/2025
3659;COP.MOD.2713Z USADA MR GESTETNER N/S.AM8880196;AM8880196;2.000;2.000;0.000;1080.00;1080.00;0.00;0;01/03/2025
3662;MOLA GUIA DA SAIDA DA FUSAO  1502/1312;AA066635;2.000;2.000;0.000;9.70;9.70;0.00;0;01/03/2025
3671;MASTER CPMT12-CP6143L RICOH;893023;109.000;109.000;0.000;14478.48;14478.48;0.00;0;01/03/2025
3682;FILTRO - 3235/3502/4502;AA012131;1.000;1.000;0.000;3.94;3.94;0.00;0;01/03/2025
3689;MASTER CP6334L/6346-CPMT24;41502;3.000;3.000;0.000;607.25;607.25;0.00;0;01/03/2025
3699;ROLO FUSOR SUPERIOR Z 810 KT SHARP AL1000;70015641;1.000;1.000;0.000;35.34;35.34;0.00;0;01/03/2025
3701;ROLO INFERIOR DE PRESSAO AR 150 KT SHARP AL1000;70019610;1.000;1.000;0.000;57.66;57.66;0.00;0;01/03/2025
3702;KIT DO FOTORRECEPTOR OPC KT SHARP AL1000;70027513;1.000;1.000;0.000;39.22;39.22;0.00;0;01/03/2025
3704;BUCHA DO ROLO FUSOR SUP.STUDIO 161 KT SHARP AL1000;70027300;8.000;8.000;0.000;44.84;44.84;0.00;0;01/03/2025
3717;CHAPA LATERAL TRASEIRA DO CILINDRO - 1502;B2592371;6.000;6.000;0.000;602.06;602.06;0.00;0;01/03/2025
3719;ROLO DE LIMPEZA DO ROLO DE CARGA-DSM615/618;AD042058;2.000;2.000;0.000;52.12;52.12;0.00;0;01/03/2025
3728;COP.MOD.DSM715 USADA;L6766900041;1.000;1.000;0.000;2104.27;2104.27;0.00;0;01/03/2025
3729;UNHA DE SEP FUSÃO 1502/DSM615/618 RICOH.;AE044062;278.000;278.000;0.000;1857.87;1857.87;0.00;0;01/03/2025
3730;CONJUNTO DA ENGRENAGEM DA FUSAO-1502;B0391157;2.000;2.000;0.000;18.88;18.88;0.00;0;01/03/2025
3731;UNIDADE DE ADIÇÃO DE TONER 1502 RICOH;B0393032;14.000;14.000;0.000;1947.02;1947.02;0.00;0;01/03/2025
3738;CHIP DSM 520 PRO-COPY;CHIP;18.000;18.000;0.000;581.05;581.05;0.00;0;01/03/2025
3741;CARTUCHO DE TONER PRETO DSC520/525/530(3000A);31047;7.000;7.000;0.000;809.08;809.08;0.00;0;01/03/2025
3742;TONER AMARELO DSC525/530(360 X 1);31048;5.000;5.000;0.000;1228.22;1228.22;0.00;0;01/03/2025
3743;TONER MAGENTA DSC525/530 (360 X 1);31049;1.000;1.000;0.000;251.62;251.62;0.00;0;01/03/2025
3748;TONER CYAN DSC525/530(360G X 1);31050;1.000;1.000;0.000;240.21;240.21;0.00;0;01/03/2025
3752;COP.MULT.FUNC.DSM416PF U - SAMUEL;M0178700068;1.000;1.000;0.000;4544.50;4544.50;0.00;0;01/03/2025
3754;ROLO FUSOR - DSM415.;AE011086;5.000;5.000;0.000;622.47;622.47;0.00;0;01/03/2025
3755;BUCHA DA FUSAO - 1302/416;AE031044;10.000;10.000;0.000;87.07;87.07;0.00;0;01/03/2025
3756;UNHA DA FUSAO - DSM415;AE044059;42.000;42.000;0.000;338.39;338.39;0.00;0;01/03/2025
3758;KIT DE MANUTENCAO AFICIO 1515 DSM415(90K).;PMB12990K;45.000;45.000;0.000;17241.87;17241.87;0.00;0;01/03/2025
3759;MASTER PRIPORT HQ40L CP6244+-CPMT23 RICOH;41302;8.000;8.000;0.000;1388.22;1388.22;0.00;0;01/03/2025
3760;CALÇO DE FRICÇÃO 1502 MARCA RICOH.;B0392711;24.000;24.000;0.000;228.48;228.48;0.00;0;01/03/2025
3762;MOLA DO ROLO DE CARGA 1312;B0392287;1.000;1.000;0.000;3.55;3.55;0.00;0;01/03/2025
3763;EMBREAGEM MAGNETICA 46Z  -  1502;AX200296;1.000;1.000;0.000;52.56;52.56;0.00;0;01/03/2025
3764;ROLO DE ALIMENTACAO DO PAPEL - 1302.;AF031061;11.000;11.000;0.000;243.84;243.84;0.00;0;01/03/2025
3765;TINTA PRETA CPI11 6244 + (6000CC X 5);42401;14.000;14.000;0.000;474.84;474.84;0.00;0;01/03/2025
3771;CARTUCHO DE TONER PRETO C7640ND GEST;61037R;2.000;2.000;0.000;295.64;295.64;0.00;0;01/03/2025
3772;CARTUCHO DE TONER CYAN SPC811DNHA C7640ND RICOH;61038R;2.000;2.000;0.000;928.24;928.24;0.00;0;01/03/2025
3773;CARTUCHO DE TONER MAGENTA SPC811DNHA C7640ND(360G);61039R;1.000;1.000;0.000;463.55;463.55;0.00;0;01/03/2025
3774;CARTUCHO DE TONER AMARELO SPC811DNHA C7643ND(360G);61040;2.000;2.000;0.000;954.31;954.31;0.00;0;01/03/2025
3779;TERMISTOR DA FUSAO - 1302;AW100060;1.000;1.000;0.000;7.26;7.26;0.00;0;01/03/2025
3781;GUIAS - 1502;B0394168;1.000;1.000;0.000;4.67;4.67;0.00;0;01/03/2025
3795;BUCHA ROLO PRESSÃO 1502/1802/645/618 MR RICOH.;G0294174;44.000;44.000;0.000;323.89;323.89;0.00;0;01/03/2025
3796;COPIADORA 2913;H4217001401;2.000;2.000;0.000;600.00;600.00;0.00;0;01/03/2025
3799;PLACA DE ALTA TENSAO - 1502;B0395730;1.000;1.000;0.000;216.85;216.85;0.00;0;01/03/2025
3802;SENSOR DE FIM DE PAPEL - 1502 RICOH.;B0392730;8.000;8.000;0.000;50.95;50.95;0.00;0;01/03/2025
3803;CALÇO DE SEPARAÇAO - CP6334;C2572886;1.000;1.000;0.000;17.10;17.10;0.00;0;01/03/2025
3804;ROLETE DO BY-PASS - 1502.;AF031060;1.000;1.000;0.000;9.64;9.64;0.00;0;01/03/2025
3805;BASE DE FRICÇÃO - DSM615;B0392596;2.000;2.000;0.000;59.43;59.43;0.00;0;01/03/2025
3820;SIST.MULTIFUNC.DSM716TAMPA/IMPRESS/SCAN+EXP.MEMOR;20163SPR;1.000;1.000;0.000;4309.14;4309.14;0.00;0;01/03/2025
3822;EMBREAGEM MAGNETICA - 6123(C2615879).;C2615879;1.000;1.000;0.000;235.12;235.12;0.00;0;01/03/2025
3832;ASPIRADOR DE PO 220V 550 WATTS;700737710;4.000;4.000;0.000;5765.90;5765.90;0.00;0;01/03/2025
3834;BATENTE FINAL CASSETE;G0202644;1.000;1.000;0.000;7.57;7.57;0.00;0;01/03/2025
3837;TERMISTOR DA FUSAO - DSM415.;AW100088;64.000;64.000;0.000;3334.89;3334.89;0.00;0;01/03/2025
3838;THERMOSTATO - 160C - DSM415;AW110037;1.000;1.000;0.000;43.96;43.96;0.00;0;01/03/2025
3839;THERMOSTATO - 170C - DSM415;AW110038;1.000;1.000;0.000;33.45;33.45;0.00;0;01/03/2025
3840;PLACA TENSORA - DSM415;B0444118;2.000;2.000;0.000;6.29;6.29;0.00;0;01/03/2025
3841;SUPORTE DA UNHA DE SEPARACAO - 415;B0444179;2.000;2.000;0.000;24.01;24.01;0.00;0;01/03/2025
3842;ALAVANCA DO BYPASS - 3215;G0202784;1.000;1.000;0.000;6.68;6.68;0.00;0;01/03/2025
3843;CHAPA GUIA - DSM415;H5562208;4.000;4.000;0.000;81.07;81.07;0.00;0;01/03/2025
3847;CHAPA GUIA - DSM415;H5562206;5.000;5.000;0.000;179.18;179.18;0.00;0;01/03/2025
3854;FLANGE DO MASTER - 6123L;C2522244;2.000;2.000;0.000;26.25;26.25;0.00;0;01/03/2025
3858;LIMPADOR DO ROLO DE PRESSÃO;B2594015;1.000;1.000;0.000;26.67;26.67;0.00;0;01/03/2025
3859;ROLETE INTRODUCAO DO ALIM DE ORIGINAIS-DF68/DSM725;B3862171;1.000;1.000;0.000;10.41;10.41;0.00;0;01/03/2025
3860;ALIMENTADOR DO PAPEL - DF68/DSM725;A8592141;1.000;1.000;0.000;29.09;29.09;0.00;0;01/03/2025
3867;TAMPA DO SENSOR - DSM520;B2739708;1.000;1.000;0.000;32.68;32.68;0.00;0;01/03/2025
3868;TERMISTOR - DSM520;B2739725;2.000;2.000;0.000;193.66;193.66;0.00;0;01/03/2025
3884;SUPORTE 2 DO SENSOR DO CILINDRO;C2565609;1.000;1.000;0.000;7.12;7.12;0.00;0;01/03/2025
3886;SUPORTE 1 DO SENSOR DO CILINDRO 5430;C2565611;1.000;1.000;0.000;7.09;7.09;0.00;0;01/03/2025
3887;SUPORTE 3 DO SENSOR DO CILINDRO 5430;C2565613;3.000;3.000;0.000;19.60;19.60;0.00;0;01/03/2025
3891;CHAPA DE POSICAO DO CILINDRO - 5430;C2562375;1.000;1.000;0.000;7.09;7.09;0.00;0;01/03/2025
3897;EMBREAGEM MAFNETICA 41Z - 1502;AX200228;1.000;1.000;0.000;41.82;41.82;0.00;0;01/03/2025
3901;ENGRENAGEM 16Z - 1502 MARCA RICOH;A2672869;1.000;1.000;0.000;1.48;1.48;0.00;0;01/03/2025
3903;BATENTE TRASEIRO - 1312;B0392705;1.000;1.000;0.000;14.47;14.47;0.00;0;01/03/2025
3904;BATENTE LATERAL FRONTAL - 1312;B0392706;1.000;1.000;0.000;15.06;15.06;0.00;0;01/03/2025
3906;ROLO DO REGISTRO - 2212;AF021066;1.000;1.000;0.000;87.88;87.88;0.00;0;01/03/2025
3912;MOTOR DE TONER - DSM 615;B2763310;1.000;1.000;0.000;57.73;57.73;0.00;0;01/03/2025
3914;CORREIA DE TRANSPORTE DA UNIDADE DE EXAUTAO -6143L;C2613879;8.000;8.000;0.000;1108.34;1108.34;0.00;0;01/03/2025
3915;FAIXA DA PORTA DIREITA - 1502;B0392660;1.000;1.000;0.000;2.03;2.03;0.00;0;01/03/2025
3916;SENSOR DE FIM DE PAPEL - 1302;B0445300;10.000;10.000;0.000;132.05;132.05;0.00;0;01/03/2025
3919;UNHA DO ROLO FUSOR - 6002/7502;AE044043;4.000;4.000;0.000;26.07;26.07;0.00;0;01/03/2025
3926;REV.DD9-TYPE24/6002/DS651/60/75/755/65/75/P7575/76;B0649645;43.000;43.000;0.000;10180.54;10180.54;0.00;0;01/03/2025
3930;SIST.MULT.COR.MPC2030(RADF/DUP/BP/RPCS PRINT/SCA/F;30099R;1.000;1.000;0.000;7147.53;7147.53;0.00;0;01/03/2025
3934;CARTUCHO DE TONER PRETO MPC2030/50/2550(215X1);841280;412.000;412.000;0.000;51751.11;51751.11;0.00;0;01/03/2025
3935;TONER MAGENTA MP C2030/2050/2550 (135 X 1);31073;1.000;1.000;0.000;179.02;179.02;0.00;0;01/03/2025
3941;GABINETE MP2550/3350/MP2030/2050/2550;038206;10.000;10.000;0.000;4740.05;4740.05;0.00;1;01/03/2025
3944;ROLO DE PRESSAO A3 - CP6244;C2643050;1.000;1.000;0.000;374.08;374.08;0.00;0;01/03/2025
3945;COBERTURA SUPERIOR DA UNID DE REVELACAO 1502.;B0393159;9.000;9.000;0.000;747.60;747.60;0.00;0;01/03/2025
3957;BOMBA DE ALIMENTACAO DE TONER BK - DSC525;B2233201;1.000;1.000;0.000;253.32;253.32;0.00;0;01/03/2025
3960;DUPLICADOR DIGITAL DX2330 RICOH;40705;3.000;3.000;0.000;9654.63;9654.63;0.00;0;01/03/2025
3969;GRADE DA CORONA 2760/3265/85/3370/8502;A0962060;1.000;1.000;0.000;9.16;9.16;0.00;0;01/03/2025
3975;ENGRENAGEM DA RECICLAGEM DO TONER 6002.;AB011462;12.000;12.000;0.000;35.61;35.61;0.00;0;01/03/2025
3977;SIST.MULT.MP171VEL.17PPM,IMP,SCAN E FAX.MR RICOH.;20172R;2.000;2.000;0.000;8196.36;8196.36;0.00;0;01/03/2025
3980;MOLA DA UNHA DA FUSAO;A2674103;10.000;10.000;0.000;12.15;12.15;0.00;0;01/03/2025
3987;LAMINA DE LIMPEZA DO FOTORRECEPTOR/RC AF-700/PERF;70012544;1.000;1.000;0.000;58.16;58.16;0.00;0;01/03/2025
3988;FOTORRECEPTOR OPC RC AF-700 PERPFORMANCE;70026432;3.000;3.000;0.000;621.38;621.38;0.00;0;01/03/2025
3992;ROLO DE SEPARACAO DO PAPEL - 10512/DSM51/660;AF032080;3.000;3.000;0.000;52.89;52.89;0.00;0;01/03/2025
3993;ROLO DE FUSAO - DSM660.;AE011117;3.000;3.000;0.000;429.96;429.96;0.00;0;01/03/2025
3998;MASTER TERMICO A4 RC JP 730 CPMT8 ACCESS;931036503;828.000;828.000;0.000;66691.18;66691.18;0.00;0;01/03/2025
4000;FOTOSENSOR - 6002;AW020120;1.000;1.000;0.000;7.41;7.41;0.00;0;01/03/2025
4003;TAMPA DIREITA - 1302;B0444655;25.000;25.000;0.000;9264.87;9264.87;0.00;0;01/03/2025
4004;TINTA PRETA DX2330/2430 (500M1X1)RICOH;817222;291.000;291.000;0.000;12383.77;12383.77;0.00;0;01/03/2025
4005;MASTER DX2330 TAMANHO OFICIO;817612;20.000;20.000;0.000;2744.37;2744.37;0.00;0;01/03/2025
4017;GABINETE MP2030/2050/2550 FAC43;38205R;3.000;3.000;0.000;1154.65;1154.65;0.00;0;01/03/2025
4018;SISTEMA MULTIFUNC MP171 - ORGANIZACAO EDUC LEITE;V4499106687;1.000;1.000;0.000;3590.28;3590.28;0.00;0;01/03/2025
4019;SIST MULT COR.MPC2030(RADF/DUP/BP/RPCS;V2187200881;3.000;3.000;0.000;25687.68;25687.68;0.00;0;01/03/2025
4023;ALAVANCA DE TRAVAMENTO TRASEIRA-MPC2030.;D0391087;6.000;6.000;0.000;48.29;48.29;0.00;0;01/03/2025
4024;ALAVANCA DE TRAVAMENTO FRONTAL-MPC2030.;D0391066;3.000;3.000;0.000;23.34;23.34;0.00;0;01/03/2025
4028;SUPORTE TRASEIRO DA LAMPADA DA FUSAO-DSM715;B2594091;1.000;1.000;0.000;25.52;25.52;0.00;0;01/03/2025
4032;TINTA PRETA/RC JP7 750 CPI10/ACCESS/500ML MR KATUN;931031287;4261.000;4261.000;0.000;92851.02;92851.02;0.00;0;01/03/2025
4041;SIST.MULTIFUCIONAL MP171;V4499106596;1.000;1.000;0.000;3359.45;3359.45;0.00;0;01/03/2025
4046;BUCHA PLAST.ROLO DE OLEO - 2760/6002;AE031026;2.000;2.000;0.000;9.48;9.48;0.00;0;01/03/2025
4048;UNHA DA FUSAO - DSM675;AE044060;12.000;12.000;0.000;111.48;111.48;0.00;0;01/03/2025
4050;CALCO DE FRICCAO - 1302.;D0672710;14.000;14.000;0.000;197.42;197.42;0.00;0;01/03/2025
4051;UNIDADE DE CILINDRO MPC2030/2050/2550.;D0392040;163.000;163.000;0.000;56241.39;56241.39;0.00;0;01/03/2025
4054;SUPORTE DO ROLO DE TRANFERENCIA - DSC525;B2236281;3.000;3.000;0.000;221.35;221.35;0.00;0;01/03/2025
4058;DSM716+TAMPA+IMP+EXP.MEM. RECEPÇAO;L6896940201;1.000;1.000;0.000;4747.74;4747.74;0.00;0;01/03/2025
4060;ENGRENAGEM 40Z - DSM675;AB012062;2.000;2.000;0.000;108.72;108.72;0.00;0;01/03/2025
4064;BUCHA 8MM - 6002;B0653069;13.000;13.000;0.000;277.68;277.68;0.00;0;01/03/2025
4070;TAMPA DO TRANSPORTE VERTICAL-MPC203.;D0392936;11.000;11.000;0.000;979.69;979.69;0.00;0;01/03/2025
4072;UNHAS DE SEPRARACAO - DSC428/7528N;AE044077;1.000;1.000;0.000;13.85;13.85;0.00;0;01/03/2025
4075;SUPORTE DO ROLO DE PRESSAO;B0394104;1.000;1.000;0.000;34.40;34.40;0.00;0;01/03/2025
4079;COP.MULT.DSM416PF(RADF/IMPRESS/SCAN;M0179103357;1.000;1.000;0.000;3190.61;3190.61;0.00;0;01/03/2025
4081;CAIXA SUPERIOR DO CILINDRO-DSM616/618 RICOH.;B1212252;11.000;11.000;0.000;1146.11;1146.11;0.00;0;01/03/2025
4083;ATUADOR DO CILINDRO - 6123;C2612368;1.000;1.000;0.000;7.08;7.08;0.00;0;01/03/2025
4084;FLANGE DO CILINDRO DIREITO B4 - 6123L;C2672362;1.000;1.000;0.000;118.76;118.76;0.00;0;01/03/2025
4088;ROLO DE ALIMENTACAO - 6143/DX3343;C2672802;1.000;1.000;0.000;161.28;161.28;0.00;0;01/03/2025
4090;SIST.MULT.CORMPC2030~(RADF/DUP/BP/RPS/PRINT);V2106500127;1.000;1.000;0.000;8537.60;8537.60;0.00;0;01/03/2025
4091;BOCAL DA UNIDADE ADICAO DE TONER - DSC525;B2233205;1.000;1.000;0.000;74.40;74.40;0.00;0;01/03/2025
4093;FRANDE DA FUSÃO DSM618.;B1214103;4.000;4.000;0.000;564.28;564.28;0.00;0;01/03/2025
4094;GARRAFA TONER PRETO/RC AF 1515-2015/PERFORMA 250G;70037196;1170.000;1170.000;0.000;39016.11;39016.11;0.00;0;01/03/2025
4095;TONER PRETO/RC AF-2015/PERFORMANCE /260G KATUN;70037035;508.000;508.000;0.000;19747.53;19747.53;0.00;0;01/03/2025
4097;IMPRESSORA COLORIDA A GEL OFICIO GXE3300N;405679;1.000;1.000;0.000;214.31;214.31;0.00;0;01/03/2025
4101;ROLO DE ENTINTAMENTO LG-6123L;C2312456;1.000;1.000;0.000;121.61;121.61;0.00;0;01/03/2025
4105;CORREIA DE TRANFERENCIA - MPC 2030.;D0396029;11.000;11.000;0.000;8485.24;8485.24;0.00;0;01/03/2025
4106;BASE DE FRICCAO DO PAPEL-DSC424.;B1542722;7.000;7.000;0.000;117.73;117.73;0.00;0;01/03/2025
4107;ROLO DE PRESSAO 6123.;C2613052;1.000;1.000;0.000;566.47;566.47;0.00;0;01/03/2025
4113;PLACA ANTI-ESTATICA-6002/7502/DSM651/660;B0653947;1.000;1.000;0.000;31.75;31.75;0.00;0;01/03/2025
